{
    "id": "pf2e-ljs-sturdy-shields",
    "name": "pf2e-ljs-sturdy-shields",
    "title": "LJ's Sturdy Shields",
    "description": "A collection of my content.",
    "version": "1.0.0",
    "authors": [
        {
            "name": "LJSmith",
            "discord": "LJSmith#0203"
        }
    ],
    "minimumCoreVersion": "0.8.6",
    "compatibleCoreVersion": "9",
    "compatibility": {
        "minimum": "0.8.6",
        "verified": "10"
    },
    "packs": [
        {
            "name": "pf2e-ljs-sturdy-shields",
            "label": "LJ's Sturdy Shields",
            "path": "./packs/ljs-sturdy-shields.db",
            "entity": "Item",
            "type": "Item",
            "system": "pf2e"
        }
    ],
    "manifest": "https://gitlab.com/encounterlibrary/my-content-module/-/raw/main/module.json",
    "download": "https://gitlab.com/encounterlibrary/my-content-module/-/raw/main/my-content-module.zip"
  }

