{
  "id": "pf2e-ljs-sturdy-shields",
  "title": "PF2e-LJs Sturdy Shields",
  "description": "A collection of my content.",
  "version": "1.1.0",
  "authors": [
    {
      "name": "LJSmith",
      "discord": "LJSmith",
      "flags": {}
    }
  ],
  "compatibility": {
    "minimum": "0.8.6",
    "verified": "11"
  },
  "packs": [
    {
      "name": "pf2e-ljs-sturdy-shields",
      "label": "LJ's Sturdy Shields",
      "path": "packs/ljs-sturdy-shields",
      "type": "Item",
      "system": "pf2e",
      "ownership": {
        "PLAYER": "OBSERVER",
        "ASSISTANT": "OWNER"
      },
      "flags": {}
    }
  ],
  "manifest": "https://raw.githubusercontent.com/LJSmith066/LJs-Sturdy-Shields/main/module.json",
  "download": "https://github.com/LJSmith066/LJs-Sturdy-Shields/raw/main/pf2e-ljs-sturdy-shields.zip"
}